n,rec_result,dp_result,rec_time_s,dp_time_s,rec_mem_kb,dp_mem_kb
4,5,5,0.000004894,0.000006787,0.000000,0.164062
10,42,42,0.000010087,0.000006420,0.031250,0.210938
20,627,627,0.000176126,0.000020861,0.062500,0.414062
30,5604,5604,0.001427475,0.000065593,0.093750,0.804688
40,37338,37338,0.010669526,0.000138066,0.156250,1.195312
50,204226,204226,0.066098276,0.000460070,0.218750,1.585938
